preferredName,oldName,redshift,degreesJ2000RA_Dec,J2000RA_Dec,galacticLong_Lat,rIndependentDistMean_sd_min_max (Mpc),RID,morphology,distanceIndicator,luminosityClass,EBminusV,radialVelocity (km/s),vcorr (km/s),angDiameters (arcsec),linDiameters (kpc),distvcorr (Mpc),inclination (deg),RC3_type,RC3_d25 (arcsec),RC3_r25,RC3_pa (deg),alternativeNames
PGC047728,PGC047728,0.00461,"(203.332, -53.35469)","((13, 33, 19.68), (-53, 21, 16.884))","(309.23806200000001, 9.0034379999999992)","('3.600', 'N/A', '3.600', '3.600')","[3.6, 3.6, 0.74, 3.6, 3.6]",SAB(s)0^0^ pec:,TF,x,0.2578,1382,1495.413131,"(108.0, 66.0)","(11.0281205074194, 6.73940659087945)",21.06215678,52.33011304,.LXS0P*,106.6967646,0.602559586,37,"['ESO174-G001', 'ESO133011-5305.9', 'WKK2332', '2MASXJ13331968-5321170', 'IRAS13301-5305', 'SGC133011-5305.9', '2MIG1869', 'PGC047728', 'PGC047728']"
PGC044681,PGC044681,0.002753,"(194.98458, -19.41306)","((12, 59, 56.2992), (-19, 24, 47.016))","(305.69147299999997, 43.413169000000003)","('6.895', '0.007', '6.890', '6.900')","[6.895, 6.89, 0.005, 6.89, 6.9]",IAm:,TF,LC V-VI,0.0832,825,1075.62851,"(96.0, 54.0)","(7.0509898147474228, 3.9661815750274432)",15.14969732,55.77113367,.IA.9*.,97.30860584,0.562341325,x,"['KK176', 'GALEXASCJ125956.60-192445.7', 'SGC1257.3-1909', 'HIPASSJ1259-19', 'PGC044681', 'SIGRID56', '[KK98]176', '[KK98]125717.1-190826', 'PGC044681']"
SDSSJ080158.89+212219.1,SDSSJ080158.89+212219.1,0.004797,"(120.49542, 21.372)","((8, 1, 58.9008), (21, 22, 19.2))","(200.49747300000001, 24.662186999999999)","('x', 'x', 'x', 'x')","['x', 'x', 'x', 'x', 'x']",x,x,x,0.0433,1438,1571.96535,"(21.599999999999998, 12.6)","(2.3185327767563839, 1.3524774498463172)",22.14035705,54.31466529,x,x,x,x,"['SDSSJ080158.89+212219.1', 'SDSSJ080158.90+212219.1', 'SDSSJ080158.90+212219.2', 'GALEXASCJ080158.75+212219.5', 'GALEXMSCJ080158.72+212219.6', 'ASK363290.0', 'NSA064293', 'KIG0221:[VOV2007]018', 'SDSSJ080158.89+212219.1']"
GALEXASCJ012452.49-765405.9,GALEXASCJ012452.49-765405.9,0.005658,"(21.22167, -76.90167)","((01, 24, 53.20), (-76, 54, 06.0))","(300.46367, -40.06579)","('x', 'x', 'x', 'x')","['x', 'x', 'x', 'x', 'x']",x,x,x,0.0415,1696,1566.43262,"('x', 'x')","('x', 'x')",22.06243126,x,x,x,x,x,"['IRASF01244-7708', 'HIPASSJ0124-76', 'IRASF01244-7708ID', 'GALEXASCJ012452.49-765405.9']"
2MASXiJ0936057-204656,2MASXiJ0936057-204656,0.007589,"(144.02283, -20.78156)","((09, 36, 05.480), (-20, 46, 53.60))","(253.206617, 22.699655)","('x', 'x', 'x', 'x')","['x', 'x', 'x', 'x', 'x']",x,x,x,0.0502,2275,2451.881818,"('x', 'x')","('x', 'x')",34.53354674,x,x,x,x,x,"['2MASXiJ0936057-204656', 'GALEXASCJ093605.53-204651.3', '6dFJ0936055-204654', 'LEDA837047 ']"
2MASXiJ1046038-094841,2MASXiJ1046038-094841,0.007909,"(161.51704, -9.81217)","((10, 46, 04.09),  (-09, 48, 43.8))","(259.182392, 42.166582)","('x', 'x', 'x', 'x')","['x', 'x', 'x', 'x', 'x']",x,x,x,0.0289,2371,2620.106934,"('x', 'x')","('x', 'x')",36.90291456,x,x,x,x,x,"['2MASXiJ1046038-094841', 'GALEXASCJ104604.11-094843.7', '6dFJ1046040-094844', '6dFJ1046041-094844']"
COSMOS1362316,COSMOS1362316,0.01,"(149.72348, 2.08661)","((9, 58, 53.6352), (2, 5, 11.796))","(236.64480399999999, 41.730359999999997)","('x', 'x', 'x', 'x')","['x', 'x', 'x', 'x', 'x']",x,x,x,0.0169,2998,3233.618747,"('x', 'x')","('x', 'x')",45.54392602,x,x,x,x,x,"['COSMOS1362316', 'ACS-GC20073435', 'COSMOS1362316']"
PGC067408,PGC067408,0.010012,"(327.25408, -59.97858)","((21, 49, 0.9792), (-59, 58, 42.888))","(333.26487600000002, -44.936691000000003)","('x', 'x', 'x', 'x')","['x', 'x', 'x', 'x', 'x']",S...,x,x,0.0308,3002,2831.030309,"(55.800000000000004, 37.2)","(10.78686507793098, 7.1912432878268788)",39.87366633,48.1896851,x,x,x,x,"['ESO145-GA015', 'ESO214524-6012.7', '2MASXJ21490097-5958423', 'ESO-LV1452150', '6dFJ2149008-595845', 'APMBGC145-087+007', 'APMUKS(BJ)B214523.55-601244.2', 'HIPASSJ2148-59', 'MRSS145-044674', 'PGC067408', 'PGC067408']"
LEDA087291,LEDA087291,0.011308,"(41.32042, 9.55111)","((2, 45, 16.9008), (9, 33, 3.996))","(163.80782500000001, -44.100527999999997)","('x', 'x', 'x', 'x')","['x', 'x', 'x', 'x', 'x']",Sm/Im,x,x,0.1782,3390,3163.621569,"(36.0, 'x')","('x', 'x')",44.55805026,x,x,x,x,x,"['LSBCF687-V2', 'LEDA087291', 'LEDA087291']"
SDSSJ115621.32+312536.9,SDSSJ115621.32+312536.9,0.011338,"(179.08888, 31.42694)","((11, 56, 21.3312), (31, 25, 36.984))","(189.95081300000001, 77.254137)","('x', 'x', 'x', 'x')","['x', 'x', 'x', 'x', 'x']",x,x,x,0.0167,3399,3681.261246,"(48.0, 18.6)","(12.06575221312182, 4.6754789108587813)",51.84874995,67.20096873,x,x,x,x,"['SDSSJ115621.32+312536.9', 'SDSSJ115621.33+312537.0', 'ASK503738.0', 'MAPS-NGPO_320_0081629', 'NSA087562', '[TTL2012]487024', 'SDSSJ115621.32+312536.9']"
SDSSJ105653.41+653956.0,SDSSJ105653.41+653956.0,0.011338,"(164.22258, 65.66558)","((10, 56, 53.4192), (65, 39, 56.088))","(139.93024199999999, 47.505569999999999)","('x', 'x', 'x', 'x')","['x', 'x', 'x', 'x', 'x']",x,x,x,0.0306,3399,3571.441934,"(16.8, 10.200000000000001)","(4.0970323610510775, 2.4874839300223641)",50.30199906,52.61680158,x,x,x,x,"['SDSSJ105653.41+653956.0', 'SDSSJ105653.41+653956.1', 'SDSSJ105653.42+653956.1', 'GALEXASCJ105653.37+653956.7', 'GALEXMSCJ105653.36+653956.9', 'ASK064180.0', 'NSA012777', '[PVK2003]J164.22255+65.66559', '[TTL2012]374212', 'SDSSJ105653.41+653956.4', 'SDSSJ105653.41+653956.0']"
MCG-03-02-013,MCG-03-02-013,0.011339,"(6.3732, -14.55365)","((0, 25, 29.568), (-14, 33, 13.14))","(95.963341999999997, -76.048305999999997)","('x', 'x', 'x', 'x')","['x', 'x', 'x', 'x', 'x']",SB(s)d: sp,x,LC IV,0.0278,3399,3099.127209,"(102.0, 18.0)","(21.585202545051267, 3.8091530894757017)",43.649679,79.83575138,.SBS7*/,101.8946191,0.158489319,81,"['MCG-03-02-013', 'APMUKS(BJ)B002257.89-144950.1', 'HIPASSJ0025-14', 'NSA126908', 'PGC001575', 'MCG-03-02-013']"
HIPASSJ1228-38b,2MASXJ12284033-3819015,0.011339,"(187.16796, -38.31706)","((12, 28, 40.3104), (-38, 19, 1.416))","(298.03291999999999, 24.338085)","('x', 'x', 'x', 'x')","['x', 'x', 'x', 'x', 'x']",x,x,x,0.0627,3399,3586.770402,"('x', 'x')","('x', 'x')",50.51789298,x,x,x,x,x,"['2MASXJ12284033-3819015', '2MASXJ12284033-3819015ID', 'HIPASSJ1228-38b', '2MASXJ12284033-3819015']"
PGC001452,ESO194-G013,0.011341,"(5.65858, -48.58114)","((0, 22, 38.0592), (-48, 34, 52.104))","(315.62700599999999, -67.830906999999996)","('x', 'x', 'x', 'x')","['x', 'x', 'x', 'x', 'x']",SAB(r)c,x,LC III-IV,0.0156,3400,3156.25294,"(78.0, 60.0)","(16.810589434111062, 12.931222389960713)",44.45426676,39.71513723,.SXR6..,75.53552471,0.812830516,47,"['ESO194-G013', 'ESO002012-4851.5', 'FAIRALL0650', '2MASXJ00223807-4834522', 'SGC002012-4851.5', 'ESO-LV1940130', 'APMBGC194+088-065', 'APMUKS(BJ)B002011.52-485128.3', 'MRSS194-107839', 'PGC001452', 'SUMSSJ002238-483451', 'SCG0018-4854:[PDI2007]E', 'ESO194-G013']"
IRAS20168-0528,2MASXJ20193103-0519231,0.011341,"(304.87942, -5.32308)","((20, 19, 31.0608), (-5, 19, 23.088))","(38.356731000000003, -21.996165999999999)","('x', 'x', 'x', 'x')","['x', 'x', 'x', 'x', 'x']",HII,x,x,0.0673,3400,3256.66329,"('x', 'x')","('x', 'x')",45.86849705,x,x,x,x,x,"['2MASXJ20193103-0519231', '2MASXiJ2019311-051922', 'GALEXASCJ201931.00-051921.2', 'IRAS20168-0528', 'IRASF20168-0528', 'AKARIJ2019312-051917', '6dFJ2019311-051923', 'LEDA090358', 'NVSSJ201931-051921', '2MASXJ20193103-0519231']"
RR242:[GTR2007]23187,RR242:[GTR2007]23187,0.011341,"(200.38754, -43.66194)","((13, 21, 33.0096), (-43, 39, 42.984))","(308.680429, 18.873494999999998)","('x', 'x', 'x', 'x')","['x', 'x', 'x', 'x', 'x']",SB0,x,x,0.1238,3400,3559.23048,"('x', 'x')","('x', 'x')",50.13000677,x,x,x,x,x,"['RR242:[GTR2007]23187', 'RR242:[GTR2007]23187']"
GALEXASCJ222437.85-273358.0,GALEXASCJ222437.85-273358.0,0.011342,"(336.15768, -27.56584)","((22, 24, 37.8432), (-27, 33, 57.024))","(23.52525, -57.518546999999998)","('x', 'x', 'x', 'x')","['x', 'x', 'x', 'x', 'x']",x,x,x,0.0163,3400,3145.884545,"(9.0, 6.6)","(1.9333113816190781, 1.4177616794381112)",44.30823303,42.83342807,x,x,x,x,"['GALEXASCJ222437.85-273358.0', 'GALEXMSCJ222437.82-273356.8', '2dFGRSS179Z093', 'APMUKS(BJ)B222149.70-274911.4', 'MRSS467-030658', 'LEDA3221270', 'GALEXASCJ222437.85-273358.0']"
SDSSJ150804.21+551954.0,SDSSJ150804.21+551954.0,0.011342,"(227.01754, 55.33167)","((15, 8, 4.2096), (55, 19, 54.012))","(91.242925, 52.555664)","('x', 'x', 'x', 'x')","['x', 'x', 'x', 'x', 'x']",x,x,x,0.0119,3400,3582.193117,"(21.599999999999998, 19.2)","(5.2834702441034596, 4.6964179911556103)",50.45342418,27.26604445,x,x,x,x,"['SDSSJ150804.21+551954.0', 'SDSSJ150804.22+551953.9', 'ASK161543.0', 'NSA028352', '[TTL2012]359670', 'SDSSJ150804.24+551954.1', 'SDSSJ150804.21+551954.0']"
PGC031645,ESO437-G026,0.011344,"(159.67633, -28.26057)","((10, 38, 42.3192), (-28, 15, 38.052))","(270.459992, 26.114746)","('x', 'x', 'x', 'x')","['x', 'x', 'x', 'x', 'x']",Sd,x,x,0.051,3401,3598.457013,"(67.2, 7.800000000000001)","(16.512092979584086, 1.9165821539480428)",50.68249313,83.33457274,x,x,x,x,"['ESO437-G026', 'ESO103621-2800.0', 'FGCE0831', 'RFGC1850', 'GALEXASCJ103842.38-281535.9', 'ESO-LV4370260', 'PGC031645', 'ABELL1060:[R89]398', 'ABELL1060:[CZ2003]A0494[059]', 'ESO437-G026']"
MCG-04-30-013,ESO507-G006,0.011344,"(191.14292, -24.27525)","((12, 44, 34.3008), (-24, 16, 30.9))","(300.93042800000001, 38.569848)","('x', 'x', 'x', 'x')","['x', 'x', 'x', 'x', 'x']",Sab,x,x,0.08,3401,3639.160702,"(90.0, 42.0)","(22.364556441174887, 10.436792487785029)",51.25578454,62.18186072,x,x,x,x,"['ESO507-G006', 'ESO124155-2400.2', 'MCG-04-30-013', 'LCSBS1756O', '2MASXJ12443430-2416309', '2MASXiJ1244342-241631', 'ESO-LV5070060', '6dFJ1244342-241631', '6dFJ1244343-241631', 'GSC668400338', 'PGC042905', 'PGC042923', 'ESO507-G006']"
IC4736,IC4736,0.011344,"(279.66588, -57.89328)","((18, 38, 39.8112), (-57, 53, 35.808))","(337.597419, -21.093548999999999)","('39.756', '8.293', '31.000', '55.900')","[39.756, 37.4, 7.818, 31.0, 55.9]",SB(s)dm,TF,LC IV-V,0.0741,3401,3336.309025,"(102.0, 54.0)","(23.237157174992419, 12.302023665037073)",46.99026796,58.03428125,.SBS8..,99.57521445,0.562341325,99,"['IC4736', 'ESO140-G034', 'ESO183420-5756.3', '2MASXJ18383941-5753423', '2MASXJ18383982-5753357', 'IRASF18343-5756', 'SGC183420-5756.3', 'ESO-LV1400340', 'AGC032005', 'HIPASSJ1838-57', 'PGC062181', 'IC4736']"
SBS1430+526,SBS1430+526,0.011344,"(218.13975, 52.41289)","((14, 32, 33.54), (52, 24, 46.404))","(93.073172, 58.452606000000003)","('x', 'x', 'x', 'x')","['x', 'x', 'x', 'x', 'x']",Spiral         BCD,x,x,0.0084,3401,3606.50702,"(37.2, 17.4)","(9.161070906534496, 4.2850170006330872)",50.79587352,62.11217976,x,x,x,x,"['SBS1430+526', 'SBS1430+526A', 'KUG1430+526', 'SDSSJ143233.53+522446.2', 'SDSSJ143233.53+522446.3', 'SDSSJ143233.54+522446.4', 'GALEXMSCJ143233.47+522449.0', 'CG0470', 'ASK302410.0', 'MAPS-NGPO_135_0160125', 'NSA053274', 'PGC051961', '[TTL2012]086162', 'SDSSJ143233.53+522446.6', 'SBS1430+526']"
2MASXJ23112203-2315247,2MASXJ23112203-2315247,0.011345,"(347.84188, -23.25689)","((23, 11, 22.0512), (-23, 15, 24.804))","(37.084789999999998, -67.073070000000001)","('x', 'x', 'x', 'x')","['x', 'x', 'x', 'x', 'x']",x,x,x,0.0205,3401,3120.402708,"(24.0, 18.0)","(5.113737229630801, 3.8353029146507849)",43.94933392,41.40962211,x,x,x,x,"['2MASXJ23112203-2315247', '2MASXiJ2311220-231525', 'GALEXASCJ231121.88-231524.1', 'DUKST535-017', '6dFJ2311220-231525', 'MRSS535-040404', 'LEDA195134', '2MASXJ23112203-2315247']"
NGC6851A,NGC6851A,0.011347,"(301.45214, -47.97825)","((20, 5, 48.5136), (-47, 58, 41.7))","(351.30523399999998, -31.917573999999998)","('31.600', '7.780', '21.700', '41.300')","[31.6, 31.1, 7.203, 21.7, 41.3]",(R')SB(s)m,TF,LC II-III,0.0472,3402,3270.426563,"(78.0, 30.0)","(17.418692125883155, 6.6994966993890506)",46.06234596,67.38013505,.S..4*/,79.09540431,0.416869383,54,"['NGC6851A', 'NGC6861A', 'ESO233-G025', 'ESO200211-4807.3', 'AM2002-480', 'GALEXASCJ200549.06-475840.9', 'SGC200211-4807.3', 'ESO-LV2330250', 'RR311b', 'HIPASSJ2005-47', 'PGC064086', 'NGC6851A']"
UGC04043,UGC04043,0.011348,"(117.69279, 54.36222)","((7, 50, 46.2696), (54, 21, 43.992))","(163.61196899999999, 30.221374000000001)","('71.155', '13.822', '52.500', '88.000')","[70.342, 77.3, 12.902, 52.5, 88.0]",Sc,TF,LC IV,0.04,3402,3517.371274,"(127.8, 18.0)","(30.694858803899766, 4.3232190075999251)",49.54044048,81.90325023,.S..7..,125.3577679,0.112201845,5,"['UGC04043', 'CGCG262-037', 'CGCG0746.8+5429', 'MCG+09-13-072', 'FGC0665', 'RFGC1265', '2MFGC06220', '2MASXJ07504626+5421439', 'GALEXASCJ075046.32+542141.6', 'IRAS07468+5429', 'IRASF07468+5429', 'PGC021970', 'UZCJ075046.2+542144', 'NVSSJ075046+542145', 'UGC04043']"
NGC3249,NGC3249,0.011348,"(156.59254, -34.96369)","((10, 26, 22.2096), (-34, 57, 49.284))","(272.07220000000001, 19.072004)","('44.800', 'N/A', '44.800', '44.800')","[44.8, 44.8, 1.62, 44.8, 44.8]",SAB(rs)cd:     HII,TF,LC III-IV,0.0812,3402,3570.636969,"(96.0, 78.0)","(23.406338405546634, 19.017649487839616)",50.29066154,35.6590877,.SXT6*.,95.09359155,0.812830516,139,"['NGC3249', 'ESO375-G024', 'ESO102407-3442.5', 'MCG-06-23-028', '2MASXJ10262222-3457493', 'GALEXASCJ102622.11-345748.4', 'IRAS10240-3442', 'SGC102407-3442.5', 'ESO-LV3750240', '6dFJ1026222-345749', 'LDCE0729NED067', 'HDCE0587NED001', 'AGC027127', 'PGC030657', 'NVSSJ102622-345746', 'AntliaGROUP:[FS90]028', 'LGG203:[G93]001', 'NGC3249']"
IC5063,IC5063,0.011348,"(313.00975, -57.06878)","((20, 52, 2.34), (-57, 4, 7.608))","(339.99116600000002, -38.735639999999997)","('', '12.426', '26.100', '58.300')","[37.867, 32.7, 11.343, 26.1, 58.3]",SA(s)0+:       Sy2,FJ,x,0.0526,3402,3251.706355,"(126.0, 84.0)","(27.976825690502967, 18.651215838146321)",45.79868105,48.1896851,.LAS+*.,128.2777254,0.676082975,116,"['IC5063', 'ESO187-G023', 'ESO204812-5715.5', 'AM2048-571', 'PKS2048-57', '2MASXJ20520232-5704076', 'IRAS20481-5715', 'IRASF20482-5715', 'AKARIJ2052024-570407', 'SGC204812-5715.5', 'ESO-LV1870230', 'RR331a', '6dFJ2052022-570408', '6dFJ2052023-570408', 'LQAC313-057001', 'APMBGC187+042+117', 'APMUKS(BJ)B204812.01-571526.0', 'PGC065600', 'PKSB2048-572', 'PKSJ2052-5704', 'PMNJ2051-5704', 'PMNM204806.1-571518', 'MRC2048-572', 'SUMSSJ205202-570406', 'AT20GJ205202-570407', 'MSH20-507', 'SPT-SJ205202-5704.1', '2PBCJ2052.0-5704', 'PBCJ2052.0-5704', '1AXGJ205201-5703', 'XSSJ20501-5646', 'SWIFTJ2052.0-5703', 'SWIFTJ2052.0-5704', 'SWIFTJ2052.1-5703', '[dML87]512', '[Sdd95]432a', '[VCV2001]J205202.2-570407', '[VCV2006]J205202.2-570407', '[WMR2009]138', '[MSC2011]J205202.25-570409.1', '[BTM2013]1092', '[AHG2014]B071', 'IC5063']"
IRAS04416+2809,IRAS04416+2809,0.011351,"(71.18239, 28.24906)","((4, 44, 43.7736), (28, 14, 56.616))","(172.79202799999999, -11.295932000000001)","('x', 'x', 'x', 'x')","['x', 'x', 'x', 'x', 'x']",x,x,x,0.7357,3403,3323.486055,"('x', 'x')","('x', 'x')",46.80966274,x,x,x,x,x,"['IRAS04416+2809', 'LEDA100769', 'IRAS04416+2809']"
NGC3394,NGC3394,0.011353,"(162.66602, 65.72721)","((10, 50, 39.8448), (65, 43, 37.956))","(140.593887, 47.045721)","('69.083', '20.679', '34.900', '85.900')","[69.083, 65.8, 18.878, 34.9, 85.9]",SA(rs)c,TF,LC III,0.0112,3404,3574.913354,"(100.19999999999999, 69.0)","(24.459624976953663, 16.843453628797167)",50.35089231,46.47881341,.SAT5..,114.3276431,0.741310241,35,"['NGC3394', 'UGC05937', 'CGCG313-036', 'CGCG1047.2+6559', 'MCG+11-13-041', '2MASXJ10503976+6543377', '2MASXiJ1050392+654338', 'SDSSJ105039.84+654337.9', 'SDSSJ105039.84+654338.0', 'SDSSJ105039.85+654337.9', 'SDSSJ105039.85+654338.2', 'IRAS10473+6559', 'IRASF10473+6559', 'ASK064221.0', 'NSA012788', 'PGC032495', 'SSTSL2J105039.98+654338.1', 'UZCJ105039.9+654338', 'NVSSJ105040+654348', '[PVK2003]J162.66602+65.72722', '[TTL2012]374419', 'NGC3394']"
AGC160545,AGC160545,0.011354,"(98.4125, 26.48472)","((6, 33, 39.0), (26, 29, 4.992))","(187.27994100000001, 8.1396940000000004)","('x', 'x', 'x', 'x')","['x', 'x', 'x', 'x', 'x']",x,x,x,0.1865,3404,3441.384445,"('x', 'x')","('x', 'x')",48.47020346,x,x,x,x,x,"['AGC160545', 'NSA134320', 'HIJ063337.5+262911', 'AGC160545']"
NGC6758,NGC6758,0.011355,"(288.46808, -56.30994)","((19, 13, 52.3392), (-56, 18, 35.784))","(340.57246500000002, -25.318407000000001)","('', '9.287', '27.900', '56.000')","[43.0, 43.6, 8.478, 27.9, 56.0]",E+:            LINER,FJ,x,0.0564,3404,3315.284433,"(132.0, 102.0)","(29.882112950230599, 23.090722373361562)",46.69414694,39.40056875,.E+..*.,134.3232683,0.776247117,121,"['NGC6758', 'ESO184-G037', 'ESO190943-5623.7', '2MASXJ19135231-5618356', 'GALEXASCJ191352.24-561836.4', 'CGS533', 'SGC190943-5623.7', 'ESO-LV1840370', 'LDCE1328NED018', 'HDCE1063NED005', 'PGC062935', 'SUMSSJ191352-561835', 'Str1908-566:[KUH87]103', 'LGG426:[G93]003', '[DZ2015]047-01', 'NGC6758']"
2MASXJ12110805-2435132,2MASXJ12110805-2435132,0.011355,"(182.7835, -24.587)","((12, 11, 8.04), (-24, 35, 13.2))","(291.38290499999999, 37.379286)","('x', 'x', 'x', 'x')","['x', 'x', 'x', 'x', 'x']",x,x,x,0.0715,3404,3641.293679,"('x', 'x')","('x', 'x')",51.28582647,x,x,x,x,x,"['2MASXJ12110805-2435132', '6dFJ1211080-243513', 'LEDA788397', '2MASXJ12110805-2435132']"
PGC058608,WKK7198,0.011357,"(249.217, -60.27647)","((16, 36, 52.08), (-60, 16, 35.292))","(327.61463199999997, -8.715052)","('x', 'x', 'x', 'x')","['x', 'x', 'x', 'x', 'x']",SA(r)a:,x,LC I,0.1967,3405,3413.7784,"(90.0, 48.0)","(20.979463661478878, 11.189046778021151)",48.08138592,57.76904736,.SBR1?.,90.81367491,0.537031796,x,"['WKK7198', '2MASXJ16365206-6016347', 'IRAS16324-6010', 'CSRG0806', 'SGC1632.7-6010', 'LDCE1172NED146', 'HIPASSJ1637-60', 'PGC058608', 'WKK7198']"
6dFJ1447005-164601,6dFJ1447005-164601,0.011357,"(221.752, -16.76681)","((14, 47, 0.48), (-16, 46, 0.516))","(338.83607999999998, 37.918661999999998)","('x', 'x', 'x', 'x')","['x', 'x', 'x', 'x', 'x']",x,x,x,0.0925,3405,3615.04685,"('x', 'x')","('x', 'x')",50.91615282,x,x,x,x,x,"['6dFJ1447005-164601', '6dFJ1447005-164601']"
SDSSJ114950.02+221252.2,SDSSJ114950.02+221252.2,0.011357,"(177.45844, 22.21453)","((11, 49, 50.0256), (22, 12, 52.308))","(228.93150800000001, 75.180873000000005)","('x', 'x', 'x', 'x')","['x', 'x', 'x', 'x', 'x']",Extended Src [SDSS],x,x,0.02,3405,3697.495593,"(17.4, 9.6)","(4.3931237036065438, 2.42379238419743)",52.07740272,56.51462338,x,x,x,x,"['SDSSJ114950.02+221252.2', 'SDSSJ114950.03+221252.3', 'GALEXASCJ114950.00+221252.7', 'ASK631518.0', 'NSA113718', 'LEDA4297897', '[TTL2012]150673', 'SDSSJ114950.02+221252.2']"
UGC03797,UGC03797,0.011358,"(110.01308, 59.3785)","((7, 20, 3.1392), (59, 22, 42.6))","(157.373997, 26.670024000000002)","('x', 'x', 'x', 'x')","['x', 'x', 'x', 'x', 'x']",SBc,x,x,0.0558,3405,3496.865956,"(66.0, 42.0)","(15.759391824146894, 10.028703684432278)",49.25163319,50.47880364,x,x,x,x,"['UGC03797', 'MCG+10-11-028', 'GALEXASCJ072003.17+592243.0', 'PGC020705', '[RGD2000]J072003.14+592242.6', 'UGC03797']"
H-ATLASJ085920.4+005139,H-ATLASJ085920.4+005139,0.01294,"(134.83533, 0.86087)","((08, 59, 20.48), (+00, 51, 39.1))","(227.98267, 28.56153)","('x', 'x', 'x', 'x')","['x', 'x', 'x', 'x', 'x']",x,x,x,0.0386,3879,4060.21051,"('x', 'x')","('x', 'x')",57.18606351,x,x,x,x,x,"['SDP02627', 'H-ATLASJ085920.4+005139']"
SBS0335-052,SBS0335-052,0.013519,"(54.43359, -5.0445)","((03, 37, 44.061), (-05, 02, 40.19))","(191.344884, -44.693450)","('x', 'x', 'x', 'x')","['x', 'x', 'x', 'x', 'x']",Wolf-Rayet Galaxy,x,x,0.0402,4053,3850.889632,"('x', 'x')","('x', 'x')",54.23788214,x,x,x,x,x,"['SBS0335-052', 'SBS0335-052E&W', 'SBS0335-052E', 'GALEXASCJ033744.03-050239.0', 'APMUKS(BJ)B033515.06-051226.7', 'LEDA088140', 'SSTSL2J033744.05-050240.3', 'NVSSJ033744-050230', 'CXOJ033744.0-050239', 'CXOCYJ033744.1-050239', 'CXOMPJ033744.0-050240']"
PGC014905,PGC014905,0.018399,"(65.05783, -63.96517)","((4, 20, 13.8792), (-63, 57, 54.612))","(275.80760099999998, -40.476914999999998)","('x', 'x', 'x', 'x')","['x', 'x', 'x', 'x', 'x']",S...,x,x,0.0311,5516,5388.183564,"(66.0, 12.0)","(24.283028595188377, 4.415095962516923)",75.88990935,79.5243183,x,x,x,x,"['ESO084-GA012', 'ESO041944-6405.0', '2MASXJ04201390-6357548', '2MASXiJ0420139-635754', 'GALEXASCJ042013.94-635753.6', 'IRAS04197-6404', 'IRASF04197-6404', 'AKARIJ0420136-635756', 'ESO-LV0842120', 'MRSS084-195262', 'PGC014905', 'SUMSSJ042013-635757', 'PGC014905']"
H-ATLASJ090520.3-000213,H-ATLASJ090520.3-000213,0.019088,"(136.33479, -0.03712)","((09, 05, 20.35), (-00, 02, 13.6))","(229.74772, 29.38021)","('x', 'x', 'x', 'x')","['x', 'x', 'x', 'x', 'x']",x,x,x,0.0355,5722,5908.141657,"('x', 'x')","('x', 'x')",83.21326277,x,x,x,x,x,"['SDP06241', 'H-ATLASJ090520.3-000213']"
SDSSJ130350.49+280315.8,2MASXJ13035047+2803159,0.021011,"(195.9604, 28.05442)","((13, 3, 50.496), (28, 3, 15.912))","(52.268805999999998, 87.100020000000001)","('x', 'x', 'x', 'x')","['x', 'x', 'x', 'x', 'x']",x,x,x,0.0088,6299,6585.310149,"(19.8, 7.800000000000001)","(8.9034421968155915, 3.5074166138866025)",92.75084717,66.80015682,x,x,x,x,"['2MASXJ13035047+2803159', '2MASXiJ1303504+280315', 'SDSSJ130350.49+280315.8', 'SDSSJ130350.49+280315.9', 'GALEXASCJ130350.67+280315.0', 'GALEXMSCJ130350.56+280316.2', 'ASK580683.0', 'MAPS-NGPO_323_0932583', 'NGP9F323-0936318', 'NSA104268', 'LEDA093704', 'ABELL1656:[GMP83]0743', '[KK90]225', '[TTL2012]353946', '2MASXJ13035047+2803159']"
ISOSSJ00075-7211,PGC000588,0.021171,"(1.90779, -72.19828)","((0, 7, 37.8696), (-72, 11, 53.808))","(307.60518200000001, -44.530233000000003)","('x', 'x', 'x', 'x')","['x', 'x', 'x', 'x', 'x']",S...,x,x,0.0246,6347,6194.002927,"(60.0, 12.0)","(25.376936151267085, 5.0753870928266291)",87.23947785,78.46304097,x,x,x,x,"['ESO050-GA005', 'ESO000509-7228.6', 'AM0005-722NED02', 'FAIRALL1208', '2MFGC00108', '2MASXJ00073789-7211534', '2MASXiJ0007373-721156', 'IRAS00051-7228', 'IRASF00051-7228', 'ISOSSJ00075-7211', 'ESO-LV0502050', '6dFJ0007379-721154', 'PGC000588', 'SUMSSJ000737-721157', 'SUMSSJ000737-721158', '[SLK2004]0013', 'PGC000588']"
MCG-06-07-003,PGC010291,0.021648,"(40.78646, -32.80197)","((2, 43, 8.7504), (-32, 48, 7.092))","(232.95962, -65.228140999999994)","('x', 'x', 'x', 'x')","['x', 'x', 'x', 'x', 'x']",Sc:,x,x,0.0176,6490,6249.882322,"(60.0, 36.0)","(25.605874990136332, 15.36352471674862)",88.02651158,53.13010235,x,x,x,x,"['ESO356-G009', 'ESO024103-3300.9', 'MCG-06-07-003', '2MASXJ02430874-3248071', '2MASXiJ0243087-324807', 'IRAS02410-3300', 'IRASF02410-3300', 'ESO-LV3560090', '2MIG0323', 'APMBGC356+079-110', 'GSC701400048', 'MRSS356-088258', 'PGC010291', 'NVSSJ024308-324813', 'PGC010291']"
2MASXJ13094664-5753480,2MASXJ13094664-5753480,0.022069,"(197.44417, -57.89675)","((13, 09, 46.60), (-57, 53, 48.3))","(305.375470, 4.888037)","('x', 'x', 'x', 'x')","['x', 'x', 'x', 'x', 'x']",x,x,x,0.3919,6616,6711.829272,"('x', 'x')","('x', 'x')",94.53280665,x,x,x,x,x,"['LEDA4584407', '2MASXJ13094664-5753480']"
2MASXJ13105161-5804479,2MASXJ13105161-5804479,0.022502,"(197.71508, -58.08006)","((13, 10, 51.62), (-58, 04, 48.2))","(305.505676, 4.694673)","('x', 'x', 'x', 'x')","['x', 'x', 'x', 'x', 'x']",x,x,x,0.4244,6746,6840.798951,"('x', 'x')","('x', 'x')",96.34928099,x,x,x,x,x,"['2MASXJ13105161-5804479', 'LEDA4584409']"
PGC003154,PGC003154,0.022612,"(13.39779, -69.59481)","((0, 53, 35.4696), (-69, 35, 41.316))","(302.65385199999997, -47.532176)","('x', 'x', 'x', 'x')","['x', 'x', 'x', 'x', 'x']",S...,x,x,0.0201,6779,6614.803319,"(60.0, 12.0)","(27.100962570862819, 5.420192367409447)",93.16624394,78.46304097,x,x,x,x,"['ESO051-GA006', 'ESO005144-6951.9', '2MFGC00646', '2MASXJ00533544-6935413', '2MASXiJ0053354-693541', 'GALEXASCJ005335.63-693540.9', 'IRAS00517-6951', 'IRASF00516-6952', 'ESO-LV0512060', '6dFJ0053355-693541', 'MRSS051-215715', 'PGC003154', 'PGC003154']"
2MASXJ03030449+2733462,2MASXJ03030449+2733462,0.023159,"(45.76871, 27.56272)","((03, 03, 04.49), (+27, 33, 45.8))","(155.599388, -26.832235)","('x', 'x', 'x', 'x')","['x', 'x', 'x', 'x', 'x']",x,x,x,0.1591,6943,6772.587938,"('x', 'x')","('x', 'x')",95.38856251,x,x,x,x,x,"['2MASXJ03030449+2733462', '2MASXiJ0303044+273346', '2MASXiJ0303045+273346', 'GALEXASCJ030304.42+273346.0', 'ALFALFA2-293', 'AGC131361', 'NSA170254', 'LEDA1811746', 'SSTSL2J030304.58+273344.9']"
2MASXJ06202388-6353506,2MASXJ06202388-6353506,0.02368,"(95.09971, -63.89744)","((06, 20, 23.93), (-63, 53, 50.8))","(273.482522, -27.538569)","('x', 'x', 'x', 'x')","['x', 'x', 'x', 'x', 'x']",x,x,x,0.0394,7099,7034.923682,"('x', 'x')","('x', 'x')",99.08343214,x,x,x,x,x,"['2MASXJ06202388-6353506', '2MASXiJ0620238-635350', 'IRAS06200-6352', 'IRASF06201-6352', 'AKARIJ0620241-635350', 'LEDA165459', 'SUMSSJ062022-635350', '[FHS95]A0620-6352']"
2MASXJ13112359-5755471,2MASXJ13112359-5755471,0.02375,"(197.8485, -57.92972)","((13, 11, 23.64), (-57, 55, 47.0))","(305.587963, 4.839147)","('x', 'x', 'x', 'x')","['x', 'x', 'x', 'x', 'x']",x,x,x,0.4005,7120,7215.462188,"('x', 'x')","('x', 'x')",101.626228,x,x,x,x,x,"['LEDA4584411', '2MASXJ13112359-5755471']"
2MASXJ13104152-5805140,2MASXJ13104152-5805140,0.024233,"(197.67308, -58.08717)","((13, 10, 41.54), (-58, 05, 13.8))","(305.482923, 4.689253)","('x', 'x', 'x', 'x')","['x', 'x', 'x', 'x', 'x']",x,x,x,0.4297,7265,7359.785752,"('x', 'x')","('x', 'x')",103.6589543,x,x,x,x,x,"['2MASXJ13104152-5805140', 'LEDA4584408']"
PGC013393,PGC013393,0.024827,"(54.50054, -70.46569)","((3, 38, 0.1296), (-70, 27, 56.484))","(285.890174, -40.702306999999998)","('x', 'x', 'x', 'x')","['x', 'x', 'x', 'x', 'x']",SB?b,x,x,0.03,7443,7313.943396,"('x', 30.0)","('x', 'x')",103.0132873,x,x,x,x,x,"['ESO054-GA014', 'ESO033759-7037.6', '2MASXJ03380013-7027565', '2MASXiJ0338001-702756', 'GALEXASCJ033759.87-702757.0', 'IRASF03380-7037', 'ESO-LV0542140', '6dFJ0338001-702757', 'MRSS054-053755', 'PGC013393', 'PGC013393']"
2MFGC12885,2MFGC12885,0.025844,"(240.84396, -33.79875)","((16, 3, 22.5504), (-33, 47, 55.5))","(342.44172400000002, 13.967416999999999)","('x', 'x', 'x', 'x')","['x', 'x', 'x', 'x', 'x']",Sb             HII,x,x,0.2821,7748,7853.257444,"(47.400000000000006, 13.2)","(25.418194702691636, 7.0784844858105451)",110.6092598,73.8304323,x,x,x,x,"['2MFGC12885', '2MASXJ16032256-3347551', '2MASXiJ1603225-334755', 'DENIS-PJ160322.3-334758', 'IRAS16001-3339', 'IRASF16001-3339', '6dFJ1603226-334756', 'LDCE1167NED003', 'HDCE0932NED003', 'LEDA090230', 'NVSSJ160322-334756', 'SUMSSJ160322-334756', '2MFGC12885']"
2MASXJ14015457-5658379,2MASXJ14015457-5658379,0.026678,"(210.47742, -56.97717)","((14, 01, 54.58), (-56, 58, 37.8))","(312.456791, 4.585710)","('x', 'x', 'x', 'x')","['x', 'x', 'x', 'x', 'x']",x,x,x,0.4483,7998,8087.614306,"('x', 'x')","('x', 'x')",113.9100607,x,x,x,x,x,"['2MASXJ14015457-5658379', 'LEDA4585311']"
PGC009864,PGC009864,0.027579,"(38.94925, -74.24194)","((2, 35, 47.82), (-74, 14, 30.984))","(293.82799199999999, -40.989190999999998)","('85.900', 'N/A', '85.900', '85.900')","[85.9, 85.9, 21.632, 85.9, 85.9]",S...,FP,x,0.0437,8268,8136.160668,"(60.0, 12.0)","(33.333989702682906, 6.6667977600189996)",114.5938122,78.46304097,x,x,x,x,"['ESO030-GA017', 'ESO023544-7427.6', '2MASXJ02354784-7414310', 'GALEXASCJ023547.83-741431.9', 'IRAS02357-7427', 'IRASF02357-7427', 'ESO-LV0302170', '2MIG0305', '6dFJ0235477-741431', '6dFJ0235478-741431', '6dFGSv01285', 'PGC009864', 'SUMSSJ023549-741420', 'PGC009864']"
[CWF2012]J327.594666-05.74865,[CWF2012]J327.594666-05.74865,0.0276,"(327.59467, -5.74866)","((21, 50, 22.720), (-05, 44, 55.16))","(50.970318, -41.984057)","('x', 'x', 'x', 'x')","['x', 'x', 'x', 'x', 'x']",x,x,x,0.0329,8274,8041.791943,"('x', 'x')","('x', 'x')",113.2646752,x,x,x,x,x,['[CWF2012]J327.594666-05.74865']
2MASXiJ2041593-152751,2MASXiJ2041593-152751,0.028119,"(310.49771, -15.46342)","((20, 41, 59.45), (-15, 27, 48.3))","(30.690136, -31.297624)","('x', 'x', 'x', 'x')","['x', 'x', 'x', 'x', 'x']",x,x,x,0.0405,8430,8255.680624,"('x', 'x')","('x', 'x')",116.2771919,x,x,x,x,x,"['2MASXiJ2041593-152751', 'GALEXASCJ204159.42-152746.6', '6dFJ2041595-152748', 'NSA171550']"
PGC060828,PGC060828,0.02903,"(266.56329, -55.18417)","((17, 46, 15.1896), (-55, 11, 3.012))","(337.21917100000002, -13.401574)","('114.000', 'N/A', '114.000', '114.000')","[114.0, 114.0, 23.029, 114.0, 114.0]",SB(r)a,FP,x,0.1026,8703,8677.4939,"(168.0, 114.0)","(99.545174650648136, 67.54850331097046)",122.2182239,47.26788996,x,x,x,x,"['ESO181-GA004', 'ESO174203-5509.8', '2MASXJ17461516-5511032', 'DENISJ174614.9-551103', 'SGC174203-5509.8', '6dFJ1746151-551103', '6dFJ1746152-551103', '6dFGSv08802', 'PGC060828', 'PGC060828']"
QP131,QP131,0.02952,"(3.48133, -35.39406)","((00, 13, 55.52), (-35, 23, 38.6))","(344.699879, -78.497133)","('x', 'x', 'x', 'x')","['x', 'x', 'x', 'x', 'x']",x,x,x,0.0121,8850,8573.153283,"('x', 'x')","('x', 'x')",120.7486378,x,x,x,x,x,"['QP131', '2MASXiJ0013555-352338', '2MASXJ00135552-3523386']"
6dFJ2117218-355401,6dFJ2117218-355401,0.029797,"(319.34125, -35.90028)","((21, 17, 21.9), (-35, 54, 1.008))","(8.0370190000000008, -44.108173000000001)","('x', 'x', 'x', 'x')","['x', 'x', 'x', 'x', 'x']",HII,x,x,0.0578,8933,8733.439903,"('x', 'x')","('x', 'x')",123.0061958,x,x,x,x,x,"['6dFJ2117218-355401', '6dFJ2117219-355401', '6dFJ2117218-355401']"
SOS185924,SOS185924,0.029817,"(202.31113, -31.98858)","((13, 29, 14.6712), (-31, 59, 18.888))","(312.20582899999999, 30.201485999999999)","('x', 'x', 'x', 'x')","['x', 'x', 'x', 'x', 'x']",S1             ELG,x,x,0.0418,8939,9142.369525,"('x', 'x')","('x', 'x')",128.765768,x,x,x,x,x,"['SOS185924', 'ABELL3558:[MGP94]2400', 'ABELL3558:[KMD98]060', 'SOS185924']"
UGC02608S,UGC02612,0.031812,"(48.81079, 41.98067)","((3, 15, 14.5896), (41, 58, 50.412))","(149.58045799999999, -13.330574)","('x', 'x', 'x', 'x')","['x', 'x', 'x', 'x', 'x']",Scd:,x,LC III-IV,0.1375,9537,9420.456483,"(48.0, 42.0)","(30.876617020394303, 27.017039778541385)",132.6824857,28.95502437,.S..6*.,48.76983097,0.831763771,110,"['UGC02608S', 'UGC02612', 'CGCG540-065', 'CGCG0311.9+4148', 'MCG+07-07-038', '2MASXJ03151459+4158505', '2MASXiJ0315146+415850', 'PGC012089', 'SSTSL2J031514.56+415850.3', 'UZCJ031514.4+415849', '[WZX98]03117+4151B', 'ABELL0426:[BM99]069', 'UGC02612']"
