oldName,freqTargeted,diameters,dRatio,pa,completeList
PGC047728,"K_s (2MASS ""total"")","(147.30000000000001, 64.810000000000002)",0.44,30,"[['K_s (2MASS isophotal)', (96.0, 42.240000000000002), 0.44, 30], ['K_s (2MASS ""total"")', (147.30000000000001, 64.810000000000002), 0.44, 30], ['ESO-Uppsala ""Quick Blue"" IIa-O', (132.0, 72.0), 0.55000000000000004, 37], ['RC3 D_25, R_25 (blue)', (106.7, 64.340000000000003), 0.59999999999999998, 37], ['RC3 D_0 (blue)', (131.30000000000001, None), None, None]]"
PGC044681,RC3 D_0 (blue),"(99.599999999999994, None)",x,x,"[['RC3 D_25, R_25 (blue)', (97.299999999999997, 54.68), 0.56000000000000005, None], ['RC3 D_0 (blue)', (99.599999999999994, None), None, None]]"
SDSSJ080158.89+212219.1,r (SDSS Isophotal),"(24.48, 14.460000000000001)",0.58999999999999997,105,"[['r (SDSS Isophotal)', (24.48, 14.460000000000001), 0.58999999999999997, 105], ['r (SDSS Petrosian)', (9.8100000000000005, None), None, None], ['r (SDSS de Vaucouleurs)', (23.5, 10.32), 0.44, 98], ['r (SDSS Exponential)', (6.7999999999999998, 3.1400000000000001), 0.46000000000000002, 98]]"
GALEXASCJ012452.49-765405.9,x,"('x', 'x')",x,x,['x']
2MASXiJ0936057-204656,x,"('x', 'x')",x,x,['x']
2MASXiJ1046038-094841,x,"('x', 'x')",x,x,['x']
COSMOS1362316,x,"('x', 'x')",x,x,['x']
PGC067408,"K_s (2MASS ""total"")","(35.899999999999999, 14.93)",0.41999999999999998,45,"[['K_s (2MASS isophotal)', (30.0, 12.48), 0.41999999999999998, 45], ['K_s (2MASS ""total"")', (35.899999999999999, 14.93), 0.41999999999999998, 45], ['ESO-Uppsala ""Quick Blue"" IIa-O', (66.0, 36.0), 0.55000000000000004, 45], ['ESO-LV ""Quick Blue"" IIa-O', (60.950000000000003, 111.83), 0.55000000000000004, 45], ['ESO-LV ""Quick Blue"" IIa-O', (81.280000000000001, 149.13999999999999), 0.55000000000000004, 45], ['ESO-LV ""Quick Blue"" IIa-O', (103.51000000000001, 189.93000000000001), 0.55000000000000004, 45], ['ESO-LV ""Quick Blue"" IIa-O', (45.710000000000001, 83.870000000000005), 0.55000000000000004, 45], ['ESO-LV ""Quick Blue"" IIa-O', (56.890000000000001, 104.39), 0.55000000000000004, 45], ['ESO-LV ""Quick Blue"" IIa-O', (77.620000000000005, 142.41999999999999), 0.55000000000000004, 45], ['ESO-LV ""Quick Blue"" IIa-O', (31.620000000000001, 58.020000000000003), 0.55000000000000004, 45], ['ESO-LV ""Quick Blue"" IIa-O', (22.649999999999999, None), None, None], ['ESO-LV ""Quick Blue"" IIa-O', (7.9100000000000001, None), None, None], ['ESO-LV ""Quick Blue"" IIa-O', (9.7599999999999998, 13.77), 0.70999999999999996, 44], ['ESO-LV IIIa-F', (8.7200000000000006, None), None, None]]"
LEDA087291,x,"('x', 'x')",x,x,['x']
SDSSJ115621.32+312536.9,r (SDSS Isophotal),"(52.350000000000001, 19.280000000000001)",0.37,15,"[['r (SDSS Isophotal)', (52.350000000000001, 19.280000000000001), 0.37, 15], ['r (SDSS Petrosian)', (12.460000000000001, None), None, None], ['r (SDSS de Vaucouleurs)', (23.5, 12.08), 0.51000000000000001, 26], ['r (SDSS Exponential)', (7.5099999999999998, 4.0199999999999996), 0.54000000000000004, 26]]"
SDSSJ105653.41+653956.0,r (SDSS Isophotal),"(17.899999999999999, 10.56)",0.58999999999999997,85,"[['r (SDSS Isophotal)', (17.899999999999999, 10.56), 0.58999999999999997, 85], ['r (SDSS Petrosian)', (4.7199999999999998, None), None, None], ['r (SDSS de Vaucouleurs)', (6.7400000000000002, 2.9900000000000002), 0.44, 78], ['r (SDSS Exponential)', (2.98, 1.3700000000000001), 0.46000000000000002, 77], ['r (SDSS Isophotal)', (17.899999999999999, 10.56), 0.58999999999999997, 85], ['r (SDSS Petrosian)', (4.7199999999999998, None), None, None], ['r (SDSS deVaucouleurs)', (6.7400000000000002, 2.9900000000000002), 0.44, 78], ['r (SDSS Exponential)', (2.98, 1.3700000000000001), 0.46000000000000002, 77]]"
MCG-03-02-013,"RC3 D_25, R_25 (blue)","(101.90000000000001, 16.100000000000001)",0.16,81,"[['POSS1 103a-O', (36.0, 12.0), 0.33000000000000002, None], ['POSS1 103a-O', (90.0, 12.0), 0.13, None], ['RC3 D_25, R_25 (blue)', (101.90000000000001, 16.100000000000001), 0.16, 81], ['RC3 D_0 (blue)', (101.90000000000001, None), None, None]]"
HIPASSJ1228-38b,"K_s (2MASS ""total"")","(27.300000000000001, 16.93)",0.62,55,"[['K_s (2MASS isophotal)', (12.800000000000001, 7.9400000000000004), 0.62, 55], ['K_s (2MASS ""total"")', (27.300000000000001, 16.93), 0.62, 55]]"
PGC001452,"K_s (2MASS ""total"")","(76.900000000000006, 58.439999999999998)",0.76000000000000001,50,"[['K_s (2MASS isophotal)', (41.200000000000003, 31.309999999999999), 0.76000000000000001, 50], ['K_s (2MASS ""total"")', (76.900000000000006, 58.439999999999998), 0.76000000000000001, 50], ['ESO-Uppsala ""Quick Blue"" IIa-O', (78.0, 66.0), 0.84999999999999998, 47], ['ESO-LV ""Quick Blue"" IIa-O', (71.609999999999999, 84.650000000000006), 0.84999999999999998, 47], ['ESO-LV ""Quick Blue"" IIa-O', (93.329999999999998, 110.31999999999999), 0.84999999999999998, 47], ['ESO-LV ""Quick Blue"" IIa-O', (109.65000000000001, 129.61000000000001), 0.84999999999999998, 47], ['ESO-LV ""Quick Blue"" IIa-O', (41.210000000000001, 48.710000000000001), 0.84999999999999998, 47], ['ESO-LV ""Quick Blue"" IIa-O', (51.289999999999999, 60.630000000000003), 0.84999999999999998, 47], ['ESO-LV ""Quick Blue"" IIa-O', (69.980000000000004, 82.719999999999999), 0.84999999999999998, 47], ['ESO-LV ""Quick Blue"" IIa-O', (29.850000000000001, 35.280000000000001), 0.84999999999999998, 47], ['ESO-LV ""Quick Blue"" IIa-O', (27.539999999999999, None), None, None], ['ESO-LV ""Quick Blue"" IIa-O', (8.4800000000000004, None), None, None], ['ESO-LV ""Quick Blue"" IIa-O', (14.369999999999999, 17.359999999999999), 0.82999999999999996, 45], ['ESO-LV IIIa-F', (12.5, None), None, None], ['RC3 D_25, R_25 (blue)', (75.5, 61.380000000000003), 0.81000000000000005, 47], ['RC3 D_0 (blue)', (75.5, None), None, None]]"
IRAS20168-0528,"K_s (2MASS ""total"")","(86.5, 41.520000000000003)",0.47999999999999998,105,"[['K_s (2MASS isophotal)', (56.799999999999997, 27.260000000000002), 0.47999999999999998, 105], ['K_s (2MASS ""total"")', (86.5, 41.520000000000003), 0.47999999999999998, 105]]"
RR242:[GTR2007]23187,x,"('x', 'x')",x,x,['x']
GALEXASCJ222437.85-273358.0,x,"('x', 'x')",x,x,['x']
SDSSJ150804.21+551954.0,r (SDSS Isophotal),"(24.0, 20.920000000000002)",0.87,172,"[['r (SDSS Isophotal)', (24.0, 20.920000000000002), 0.87, 172], ['r (SDSS Petrosian)', (11.800000000000001, None), None, None], ['r (SDSS de Vaucouleurs)', (18.829999999999998, 16.140000000000001), 0.85999999999999999, 91], ['r (SDSS Exponential)', (5.4100000000000001, 4.6600000000000001), 0.85999999999999999, 91]]"
PGC031645,"ESO-LV ""Quick Blue"" IIa-O","(22.0, 96.920000000000002)",0.23000000000000001,43,"[['ESO-Uppsala ""Quick Blue"" IIa-O', (60.0, 6.0), 0.10000000000000001, 42], ['ESO-LV ""Quick Blue"" IIa-O', (66.069999999999993, 660.70000000000005), 0.10000000000000001, 42], ['ESO-LV ""Quick Blue"" IIa-O', (92.260000000000005, 922.60000000000002), 0.10000000000000001, 42], ['ESO-LV ""Quick Blue"" IIa-O', (114.81999999999999, 1148.2), 0.10000000000000001, 42], ['ESO-LV ""Quick Blue"" IIa-O', (66.069999999999993, 660.70000000000005), 0.10000000000000001, 42], ['ESO-LV ""Quick Blue"" IIa-O', (78.519999999999996, 785.20000000000005), 0.10000000000000001, 42], ['ESO-LV ""Quick Blue"" IIa-O', (96.609999999999999, 966.10000000000002), 0.10000000000000001, 42], ['ESO-LV ""Quick Blue"" IIa-O', (48.420000000000002, 484.19999999999999), 0.10000000000000001, 42], ['ESO-LV ""Quick Blue"" IIa-O', (24.27, None), None, None], ['ESO-LV ""Quick Blue"" IIa-O', (22.0, 96.920000000000002), 0.23000000000000001, 43], ['ESO-LV IIIa-F', (20.43, None), None, None]]"
MCG-04-30-013,"K_s (2MASS ""total"")","(55.299999999999997, 26.539999999999999)",0.47999999999999998,15,"[['K_s (2MASS isophotal)', (30.0, 14.4), 0.47999999999999998, 15], ['K_s (2MASS ""total"")', (55.299999999999997, 26.539999999999999), 0.47999999999999998, 15], ['POSS1 103a-O', (48.0, 24.0), 0.5, None], ['ESO-Uppsala ""Quick Blue"" IIa-O', (90.0, 42.0), 0.46999999999999997, 9], ['ESO-LV ""Quick Blue"" IIa-O', (58.880000000000003, 126.08), 0.46999999999999997, 9], ['ESO-LV ""Quick Blue"" IIa-O', (79.430000000000007, 170.09), 0.46999999999999997, 9], ['ESO-LV ""Quick Blue"" IIa-O', (101.16, 216.62), 0.46999999999999997, 9], ['ESO-LV ""Quick Blue"" IIa-O', (42.170000000000002, 90.299999999999997), 0.46999999999999997, 9], ['ESO-LV ""Quick Blue"" IIa-O', (51.880000000000003, 111.09), 0.46999999999999997, 9], ['ESO-LV ""Quick Blue"" IIa-O', (73.280000000000001, 156.91999999999999), 0.46999999999999997, 9], ['ESO-LV ""Quick Blue"" IIa-O', (31.989999999999998, 68.5), 0.46999999999999997, 9], ['ESO-LV ""Quick Blue"" IIa-O', (22.91, None), None, None], ['ESO-LV ""Quick Blue"" IIa-O', (12.550000000000001, None), None, None], ['ESO-LV ""Quick Blue"" IIa-O', (15.99, 36.670000000000002), 0.44, 21], ['ESO-LV IIIa-F', (11.01, None), None, None]]"
IC4736,"K_s (2MASS ""total"")","(68.200000000000003, 55.920000000000002)",0.81999999999999995,40,"[['K_s (2MASS isophotal)', (33.0, 16.5), 0.5, 115], ['K_s (2MASS isophotal)', (31.600000000000001, 25.91), 0.81999999999999995, 40], ['K_s (2MASS ""total"")', (33.0, 16.5), 0.5, 115], ['K_s (2MASS ""total"")', (68.200000000000003, 55.920000000000002), 0.81999999999999995, 40], ['ESO-Uppsala ""Quick Blue"" IIa-O', (144.0, 78.0), 0.54000000000000004, 98], ['ESO-LV ""Quick Blue"" IIa-O', (89.129999999999995, 164.44999999999999), 0.54000000000000004, 98], ['ESO-LV ""Quick Blue"" IIa-O', (113.5, 209.41), 0.54000000000000004, 98], ['ESO-LV ""Quick Blue"" IIa-O', (133.34999999999999, 246.03), 0.54000000000000004, 98], ['ESO-LV ""Quick Blue"" IIa-O', (66.069999999999993, 121.90000000000001), 0.54000000000000004, 98], ['ESO-LV ""Quick Blue"" IIa-O', (79.430000000000007, 146.55000000000001), 0.54000000000000004, 98], ['ESO-LV ""Quick Blue"" IIa-O', (100.0, 184.5), 0.54000000000000004, 98], ['ESO-LV ""Quick Blue"" IIa-O', (44.159999999999997, 81.480000000000004), 0.54000000000000004, 98], ['ESO-LV ""Quick Blue"" IIa-O', (31.989999999999998, None), None, None], ['ESO-LV ""Quick Blue"" IIa-O', (10.949999999999999, None), None, None], ['ESO-LV ""Quick Blue"" IIa-O', (7.4000000000000004, 8.3300000000000001), 0.89000000000000001, 88], ['ESO-LV IIIa-F', (6.1600000000000001, None), None, None], ['RC3 D_25, R_25 (blue)', (99.599999999999994, 55.979999999999997), 0.56000000000000005, 98], ['RC3 D_0 (blue)', (117.0, None), None, None]]"
SBS1430+526,r (SDSS Isophotal),"(38.170000000000002, 17.32)",0.45000000000000001,151,"[['r (SDSS Isophotal)', (38.170000000000002, 17.32), 0.45000000000000001, 151], ['r (SDSS Petrosian)', (9.2699999999999996, None), None, None], ['r (SDSS de Vaucouleurs)', (17.640000000000001, 6.1699999999999999), 0.34999999999999998, 154], ['r (SDSS Exponential)', (6.04, 2.2999999999999998), 0.38, 154]]"
2MASXJ23112203-2315247,"K_s (2MASS ""total"")","(35.5, 16.329999999999998)",0.46000000000000002,45,"[['K_s (2MASS isophotal)', (19.199999999999999, 8.8300000000000001), 0.46000000000000002, 45], ['K_s (2MASS ""total"")', (35.5, 16.329999999999998), 0.46000000000000002, 45]]"
NGC6851A,"RC3 D_25, R_25 (blue)","(79.099999999999994, 32.979999999999997)",0.41999999999999998,54,"[['ESO-Uppsala ""Quick Blue"" IIa-O', (102.0, 54.0), 0.53000000000000003, 54], ['ESO-LV ""Quick Blue"" IIa-O', (84.140000000000001, 159.05000000000001), 0.53000000000000003, 54], ['ESO-LV ""Quick Blue"" IIa-O', (101.16, 191.22999999999999), 0.53000000000000003, 54], ['ESO-LV ""Quick Blue"" IIa-O', (114.81999999999999, 217.05000000000001), 0.53000000000000003, 54], ['ESO-LV ""Quick Blue"" IIa-O', (64.569999999999993, 122.06), 0.53000000000000003, 54], ['ESO-LV ""Quick Blue"" IIa-O', (74.129999999999995, 140.13), 0.53000000000000003, 54], ['ESO-LV ""Quick Blue"" IIa-O', (88.099999999999994, 166.53999999999999), 0.53000000000000003, 54], ['ESO-LV ""Quick Blue"" IIa-O', (51.289999999999999, 96.959999999999994), 0.53000000000000003, 54], ['ESO-LV ""Quick Blue"" IIa-O', (39.810000000000002, None), None, None], ['ESO-LV ""Quick Blue"" IIa-O', (31.190000000000001, None), None, None], ['ESO-LV ""Quick Blue"" IIa-O', (59.299999999999997, 281.04000000000002), 0.20999999999999999, 44], ['ESO-LV IIIa-F', (21.66, None), None, None], ['RC3 D_25, R_25 (blue)', (79.099999999999994, 32.979999999999997), 0.41999999999999998, 54], ['RC3 D_0 (blue)', (80.900000000000006, None), None, None]]"
UGC04043,"K_s (2MASS ""total"")","(159.5, 22.329999999999998)",0.14000000000000001,5,"[['POSS1 103a-O', (132.0, 12.0), 0.089999999999999997, 5], ['K_s (2MASS isophotal)', (108.40000000000001, 15.18), 0.14000000000000001, 5], ['K_s (2MASS ""total"")', (159.5, 22.329999999999998), 0.14000000000000001, 5], ['POSS1 103a-O', (120.0, 15.0), 0.12, None], ['RC3 D_25, R_25 (blue)', (125.40000000000001, 14.039999999999999), 0.11, 5], ['RC3 D_0 (blue)', (128.30000000000001, None), None, None]]"
NGC3249,"K_s (2MASS ""total"")","(108.8, 97.920000000000002)",0.90000000000000002,0,"[['K_s (2MASS isophotal)', (59.0, 53.100000000000001), 0.90000000000000002, 0], ['K_s (2MASS ""total"")', (108.8, 97.920000000000002), 0.90000000000000002, 0], ['POSS1 103a-E', (90.0, 72.0), 0.80000000000000004, None], ['ESO-Uppsala ""Quick Blue"" IIa-O', (120.0, 96.0), 0.80000000000000004, 139], ['ESO-LV ""Quick Blue"" IIa-O', (94.409999999999997, 118.01000000000001), 0.80000000000000004, 139], ['ESO-LV ""Quick Blue"" IIa-O', (110.92, 138.65000000000001), 0.80000000000000004, 139], ['ESO-LV ""Quick Blue"" IIa-O', (123.03, 153.78999999999999), 0.80000000000000004, 139], ['ESO-LV ""Quick Blue"" IIa-O', (62.369999999999997, 77.959999999999994), 0.80000000000000004, 139], ['ESO-LV ""Quick Blue"" IIa-O', (73.280000000000001, 91.599999999999994), 0.80000000000000004, 139], ['ESO-LV ""Quick Blue"" IIa-O', (89.129999999999995, 111.41), 0.80000000000000004, 139], ['ESO-LV ""Quick Blue"" IIa-O', (45.710000000000001, 57.140000000000001), 0.80000000000000004, 139], ['ESO-LV ""Quick Blue"" IIa-O', (40.740000000000002, None), None, None], ['ESO-LV ""Quick Blue"" IIa-O', (15.550000000000001, None), None, None], ['ESO-LV ""Quick Blue"" IIa-O', (2.3100000000000001, 2.6699999999999999), 0.85999999999999999, 125], ['ESO-LV IIIa-F', (2.0600000000000001, None), None, None], ['RC3 D_25, R_25 (blue)', (95.099999999999994, 77.319999999999993), 0.81000000000000005, 139], ['RC3 D_0 (blue)', (101.90000000000001, None), None, None]]"
IC5063,"K_s (2MASS ""total"")","(118.90000000000001, 109.39)",0.92000000000000004,125,"[['K_s (2MASS isophotal)', (81.599999999999994, 75.069999999999993), 0.92000000000000004, 125], ['K_s (2MASS ""total"")', (118.90000000000001, 109.39), 0.92000000000000004, 125], ['ESO-Uppsala ""Quick Blue"" IIa-O', (180.0, 120.0), 0.67000000000000004, 116], ['ESO-LV ""Quick Blue"" IIa-O', (146.22, 219.22), 0.67000000000000004, 116], ['ESO-LV ""Quick Blue"" IIa-O', (204.16999999999999, 306.10000000000002), 0.67000000000000004, 116], ['ESO-LV ""Quick Blue"" IIa-O', (263.02999999999997, 394.35000000000002), 0.67000000000000004, 116], ['ESO-LV ""Quick Blue"" IIa-O', (107.15000000000001, 160.63999999999999), 0.67000000000000004, 116], ['ESO-LV ""Quick Blue"" IIa-O', (142.88999999999999, 214.22999999999999), 0.67000000000000004, 116], ['ESO-LV ""Quick Blue"" IIa-O', (201.84, 302.61000000000001), 0.67000000000000004, 116], ['ESO-LV ""Quick Blue"" IIa-O', (60.259999999999998, 90.340000000000003), 0.67000000000000004, 116], ['ESO-LV ""Quick Blue"" IIa-O', (50.119999999999997, None), None, None], ['ESO-LV ""Quick Blue"" IIa-O', (14.67, None), None, None], ['ESO-LV ""Quick Blue"" IIa-O', (0.33000000000000002, 0.42999999999999999), 0.76000000000000001, 121], ['ESO-LV IIIa-F', (0.10000000000000001, None), None, None], ['RC3 D_25, R_25 (blue)', (128.30000000000001, 86.730000000000004), 0.68000000000000005, 116], ['RC3 A_e (Johnson B)', (53.5, None), None, None], ['RC3 D_0 (blue)', (128.30000000000001, None), None, None]]"
IRAS04416+2809,x,"('x', 'x')",x,x,['x']
NGC3394,"K_s (2MASS ""total"")","(148.09999999999999, 100.70999999999999)",0.68000000000000005,80,"[['POSS1 103a-O', (120.0, 96.0), 0.80000000000000004, 35], ['K_s (2MASS isophotal)', (66.599999999999994, 45.289999999999999), 0.68000000000000005, 80], ['K_s (2MASS ""total"")', (148.09999999999999, 100.70999999999999), 0.68000000000000005, 80], ['POSS1 103a-O', (36.0, 27.0), 0.75, None], ['POSS1 103a-O', (108.0, 72.0), 0.67000000000000004, None], ['RC3 D_25, R_25 (blue)', (114.3, 84.700000000000003), 0.73999999999999999, 35], ['RC3 D_0 (blue)', (114.3, None), None, None], ['r (SDSS Isophotal)', (109.13, 72.069999999999993), 0.66000000000000003, 59], ['r (SDSS Petrosian)', (54.100000000000001, None), None, None], ['r (SDSS de Vaucouleurs)', (23.5, 23.41), 1.0, 53], ['r (SDSS Exponential)', (16.82, 11.94), 0.70999999999999996, 49], ['r (SDSS Isophotal)', (109.13, 72.060000000000002), 0.66000000000000003, 59], ['r (SDSS Petrosian)', (54.100000000000001, None), None, None], ['r (SDSS deVaucouleurs)', (23.5, 23.399999999999999), 1.0, 53], ['r (SDSS Exponential)', (16.82, 11.94), 0.70999999999999996, 49]]"
AGC160545,x,"('x', 'x')",x,x,['x']
NGC6758,"K_s (2MASS ""total"")","(145.90000000000001, 119.64)",0.81999999999999995,110,"[['K_s (2MASS isophotal)', (102.40000000000001, 83.969999999999999), 0.81999999999999995, 110], ['K_s (2MASS ""total"")', (145.90000000000001, 119.64), 0.81999999999999995, 110], ['ESO-Uppsala ""Quick Blue"" IIa-O', (138.0, 96.0), 0.69999999999999996, 121], ['ESO-LV ""Quick Blue"" IIa-O', (153.11000000000001, 194.30000000000001), 0.79000000000000004, 106], ['ESO-LV ""Quick Blue"" IIa-O', (218.78, 277.63999999999999), 0.79000000000000004, 106], ['ESO-LV ""Quick Blue"" IIa-O', (281.83999999999997, 357.66000000000003), 0.79000000000000004, 106], ['ESO-LV ""Quick Blue"" IIa-O', (109.65000000000001, 139.15000000000001), 0.79000000000000004, 106], ['ESO-LV ""Quick Blue"" IIa-O', (153.11000000000001, 194.30000000000001), 0.79000000000000004, 106], ['ESO-LV ""Quick Blue"" IIa-O', (221.31, 280.85000000000002), 0.79000000000000004, 106], ['ESO-LV ""Quick Blue"" IIa-O', (55.590000000000003, 70.549999999999997), 0.79000000000000004, 106], ['ESO-LV ""Quick Blue"" IIa-O', (48.979999999999997, None), None, None], ['ESO-LV ""Quick Blue"" IIa-O', (13.789999999999999, None), None, None], ['ESO-LV ""Quick Blue"" IIa-O', (0.14000000000000001, 0.17000000000000001), 0.82999999999999996, 111], ['ESO-LV IIIa-F', (0.01, None), None, None], ['RC3 D_25, R_25 (blue)', (134.30000000000001, 104.22), 0.78000000000000003, 121], ['RC3 A_e (Johnson B)', (40.600000000000001, None), None, None], ['RC3 D_0 (blue)', (134.30000000000001, None), None, None]]"
2MASXJ12110805-2435132,"K_s (2MASS ""total"")","(19.899999999999999, 10.35)",0.52000000000000002,105,"[['K_s (2MASS isophotal)', (14.199999999999999, 7.3799999999999999), 0.52000000000000002, 105], ['K_s (2MASS ""total"")', (19.899999999999999, 10.35), 0.52000000000000002, 105]]"
PGC058608,"K_s (2MASS ""total"")","(81.700000000000003, 55.560000000000002)",0.68000000000000005,115,"[['K_s (2MASS isophotal)', (48.799999999999997, 33.18), 0.68000000000000005, 115], ['K_s (2MASS ""total"")', (81.700000000000003, 55.560000000000002), 0.68000000000000005, 115], ['RC3 D_25, R_25 (blue)', (90.799999999999997, 48.759999999999998), 0.54000000000000004, None], ['RC3 D_0 (blue)', (140.69999999999999, None), None, None]]"
6dFJ1447005-164601,x,"('x', 'x')",x,x,['x']
SDSSJ114950.02+221252.2,r (SDSS Isophotal),"(20.710000000000001, 11.27)",0.54000000000000004,82,"[['r (SDSS Isophotal)', (20.710000000000001, 11.27), 0.54000000000000004, 82], ['r (SDSS Petrosian)', (3.77, None), None, None], ['r (SDSS deVaucouleurs)', (2.96, 1.4099999999999999), 0.46999999999999997, 82], ['r (SDSS Exponential)', (1.96, 1.0), 0.51000000000000001, 81]]"
UGC03797,POSS1 103a-O,"(66.0, 42.0)",0.64000000000000001,56,"[['POSS1 103a-O', (66.0, 42.0), 0.64000000000000001, 56], ['POSS1 103a-O', (24.0, 7.7999999999999998), 0.33000000000000002, None], ['POSS1 103a-O', (51.0, 42.0), 0.81999999999999995, None]]"
H-ATLASJ085920.4+005139,x,"('x', 'x')",x,x,['x']
SBS0335-052,x,"('x', 'x')",x,x,['x']
PGC014905,"K_s (2MASS ""total"")","(82.900000000000006, 28.190000000000001)",0.34000000000000002,70,"[['K_s (2MASS isophotal)', (53.799999999999997, 18.289999999999999), 0.34000000000000002, 70], ['K_s (2MASS ""total"")', (82.900000000000006, 28.190000000000001), 0.34000000000000002, 70], ['ESO-LV ""Quick Blue"" IIa-O', (94.409999999999997, 518.74000000000001), 0.17999999999999999, 71], ['ESO-LV ""Quick Blue"" IIa-O', (113.5, 623.63), 0.17999999999999999, 71], ['ESO-LV ""Quick Blue"" IIa-O', (134.90000000000001, 741.21000000000004), 0.17999999999999999, 71], ['ESO-LV ""Quick Blue"" IIa-O', (48.420000000000002, 266.04000000000002), 0.17999999999999999, 71], ['ESO-LV ""Quick Blue"" IIa-O', (58.880000000000003, 323.51999999999998), 0.17999999999999999, 71], ['ESO-LV ""Quick Blue"" IIa-O', (77.620000000000005, 426.48000000000002), 0.17999999999999999, 71], ['ESO-LV ""Quick Blue"" IIa-O', (33.5, 184.06999999999999), 0.17999999999999999, 71], ['ESO-LV ""Quick Blue"" IIa-O', (15.49, None), None, None], ['ESO-LV ""Quick Blue"" IIa-O', (9.3300000000000001, None), None, None], ['ESO-LV ""Quick Blue"" IIa-O', (1.98, 6.0700000000000003), 0.33000000000000002, 69], ['ESO-LV IIIa-F', (0.57999999999999996, None), None, None]]"
H-ATLASJ090520.3-000213,x,"('x', 'x')",x,x,['x']
SDSSJ130350.49+280315.8,"K_s (2MASS ""total"")","(30.399999999999999, 12.77)",0.41999999999999998,170,"[['K_s (2MASS isophotal)', (16.800000000000001, 7.0599999999999996), 0.41999999999999998, 170], ['K_s (2MASS ""total"")', (30.399999999999999, 12.77), 0.41999999999999998, 170], ['r (SDSS Isophotal)', (29.68, 11.18), 0.38, 172], ['r (SDSS Petrosian)', (5.75, None), None, None], ['r (SDSS deVaucouleurs)', (6.8899999999999997, 1.8300000000000001), 0.27000000000000002, 173], ['r (SDSS Exponential)', (3.75, 1.05), 0.28000000000000003, 174]]"
ISOSSJ00075-7211,"K_s (2MASS ""total"")","(71.900000000000006, 14.380000000000001)",0.20000000000000001,55,"[['K_s (2MASS isophotal)', (45.0, 9.0), 0.20000000000000001, 55], ['K_s (2MASS ""total"")', (71.900000000000006, 14.380000000000001), 0.20000000000000001, 55], ['ESO-Uppsala ""Quick Blue"" IIa-O', (60.0, 12.0), 0.20000000000000001, 54], ['ESO-LV ""Quick Blue"" IIa-O', (63.100000000000001, 315.5), 0.20000000000000001, 54], ['ESO-LV ""Quick Blue"" IIa-O', (74.129999999999995, 370.64999999999998), 0.20000000000000001, 54], ['ESO-LV ""Quick Blue"" IIa-O', (82.219999999999999, 411.10000000000002), 0.20000000000000001, 54], ['ESO-LV ""Quick Blue"" IIa-O', (37.579999999999998, 187.90000000000001), 0.20000000000000001, 54], ['ESO-LV ""Quick Blue"" IIa-O', (43.149999999999999, 215.75), 0.20000000000000001, 54], ['ESO-LV ""Quick Blue"" IIa-O', (53.090000000000003, 265.44999999999999), 0.20000000000000001, 54], ['ESO-LV ""Quick Blue"" IIa-O', (29.170000000000002, 145.84999999999999), 0.20000000000000001, 54], ['ESO-LV ""Quick Blue"" IIa-O', (21.379999999999999, None), None, None], ['ESO-LV ""Quick Blue"" IIa-O', (12.99, None), None, None], ['ESO-LV ""Quick Blue"" IIa-O', (19.07, 81.150000000000006), 0.23000000000000001, 65], ['ESO-LV IIIa-F', (17.059999999999999, None), None, None]]"
MCG-06-07-003,"K_s (2MASS ""total"")","(80.299999999999997, 53.0)",0.66000000000000003,5,"[['K_s (2MASS isophotal)', (52.200000000000003, 34.450000000000003), 0.66000000000000003, 5], ['K_s (2MASS ""total"")', (80.299999999999997, 53.0), 0.66000000000000003, 5], ['POSS1 103a-E', (60.0, 36.0), 0.59999999999999998, None], ['ESO-Uppsala ""Quick Blue"" IIa-O', (60.0, 36.0), 0.59999999999999998, 7], ['ESO-LV ""Quick Blue"" IIa-O', (66.829999999999998, 111.38), 0.59999999999999998, 7], ['ESO-LV ""Quick Blue"" IIa-O', (74.989999999999995, 124.98), 0.59999999999999998, 7], ['ESO-LV ""Quick Blue"" IIa-O', (79.400000000000006, 132.33000000000001), 0.59999999999999998, 7], ['ESO-LV ""Quick Blue"" IIa-O', (79.430000000000007, 132.38), 0.59999999999999998, 7], ['ESO-LV ""Quick Blue"" IIa-O', (40.270000000000003, 67.120000000000005), 0.59999999999999998, 7], ['ESO-LV ""Quick Blue"" IIa-O', (46.240000000000002, 77.069999999999993), 0.59999999999999998, 7], ['ESO-LV ""Quick Blue"" IIa-O', (54.950000000000003, 91.579999999999998), 0.59999999999999998, 7], ['ESO-LV ""Quick Blue"" IIa-O', (30.899999999999999, 51.5), 0.59999999999999998, 7], ['ESO-LV ""Quick Blue"" IIa-O', (24.829999999999998, None), None, None], ['ESO-LV ""Quick Blue"" IIa-O', (14.27, None), None, None], ['ESO-LV ""Quick Blue"" IIa-O', (20.539999999999999, 36.549999999999997), 0.56000000000000005, 8], ['ESO-LV IIIa-F', (13.869999999999999, None), None, None]]"
2MASXJ13094664-5753480,"K_s (2MASS ""total"")","(37.299999999999997, 28.350000000000001)",0.76000000000000001,95,"[['K_s (2MASS isophotal)', (18.600000000000001, 14.140000000000001), 0.76000000000000001, 95], ['K_s (2MASS ""total"")', (37.299999999999997, 28.350000000000001), 0.76000000000000001, 95]]"
2MASXJ13105161-5804479,"K_s (2MASS ""total"")","(33.299999999999997, 22.640000000000001)",0.68000000000000005,40,"[['K_s (2MASS isophotal)', (17.399999999999999, 11.83), 0.68000000000000005, 40], ['K_s (2MASS ""total"")', (33.299999999999997, 22.640000000000001), 0.68000000000000005, 40]]"
PGC003154,"K_s (2MASS ""total"")","(80.200000000000003, 19.25)",0.23999999999999999,65,"[['K_s (2MASS isophotal)', (51.799999999999997, 12.43), 0.23999999999999999, 65], ['K_s (2MASS ""total"")', (80.200000000000003, 19.25), 0.23999999999999999, 65], ['ESO-Uppsala ""Quick Blue"" IIa-O', (60.0, 12.0), 0.20000000000000001, 61], ['ESO-LV ""Quick Blue"" IIa-O', (66.069999999999993, 330.35000000000002), 0.20000000000000001, 61], ['ESO-LV ""Quick Blue"" IIa-O', (82.219999999999999, 411.10000000000002), 0.20000000000000001, 61], ['ESO-LV ""Quick Blue"" IIa-O', (98.859999999999999, 494.30000000000001), 0.20000000000000001, 61], ['ESO-LV ""Quick Blue"" IIa-O', (39.359999999999999, 196.80000000000001), 0.20000000000000001, 61], ['ESO-LV ""Quick Blue"" IIa-O', (46.770000000000003, 233.84999999999999), 0.20000000000000001, 61], ['ESO-LV ""Quick Blue"" IIa-O', (61.659999999999997, 308.30000000000001), 0.20000000000000001, 61], ['ESO-LV ""Quick Blue"" IIa-O', (29.510000000000002, 147.55000000000001), 0.20000000000000001, 61], ['ESO-LV ""Quick Blue"" IIa-O', (18.620000000000001, None), None, None], ['ESO-LV ""Quick Blue"" IIa-O', (9.1600000000000001, None), None, None], ['ESO-LV ""Quick Blue"" IIa-O', (19.780000000000001, 110.5), 0.17999999999999999, 58], ['ESO-LV IIIa-F', (13.58, None), None, None]]"
2MASXJ03030449+2733462,"K_s (2MASS ""total"")","(23.899999999999999, 20.079999999999998)",0.83999999999999997,155,"[['K_s (2MASS isophotal)', (13.199999999999999, 11.09), 0.83999999999999997, 155], ['K_s (2MASS ""total"")', (23.899999999999999, 20.079999999999998), 0.83999999999999997, 155]]"
2MASXJ06202388-6353506,"K_s (2MASS ""total"")","(50.700000000000003, 23.32)",0.46000000000000002,10,"[['K_s (2MASS isophotal)', (29.399999999999999, 13.52), 0.46000000000000002, 10], ['K_s (2MASS ""total"")', (50.700000000000003, 23.32), 0.46000000000000002, 10]]"
2MASXJ13112359-5755471,"K_s (2MASS ""total"")","(14.699999999999999, 11.76)",0.80000000000000004,40,"[['K_s (2MASS isophotal)', (14.6, 11.68), 0.80000000000000004, 40], ['K_s (2MASS ""total"")', (14.699999999999999, 11.76), 0.80000000000000004, 40]]"
2MASXJ13104152-5805140,"K_s (2MASS ""total"")","(31.300000000000001, 21.91)",0.69999999999999996,60,"[['K_s (2MASS isophotal)', (15.6, 10.92), 0.69999999999999996, 60], ['K_s (2MASS ""total"")', (31.300000000000001, 21.91), 0.69999999999999996, 60]]"
PGC013393,"K_s (2MASS ""total"")","(58.399999999999999, 22.190000000000001)",0.38,110,"[['K_s (2MASS isophotal)', (33.0, 12.539999999999999), 0.38, 110], ['K_s (2MASS ""total"")', (58.399999999999999, 22.190000000000001), 0.38, 110], ['ESO-Uppsala ""Quick Blue"" IIa-O', (60.0, 30.0), 0.5, 127], ['ESO-LV ""Quick Blue"" IIa-O', (51.880000000000003, 103.76000000000001), 0.5, 127], ['ESO-LV ""Quick Blue"" IIa-O', (64.569999999999993, 129.13999999999999), 0.5, 127], ['ESO-LV ""Quick Blue"" IIa-O', (74.129999999999995, 148.25999999999999), 0.5, 127], ['ESO-LV ""Quick Blue"" IIa-O', (37.149999999999999, 74.299999999999997), 0.5, 127], ['ESO-LV ""Quick Blue"" IIa-O', (44.159999999999997, 88.319999999999993), 0.5, 127], ['ESO-LV ""Quick Blue"" IIa-O', (54.950000000000003, 109.90000000000001), 0.5, 127], ['ESO-LV ""Quick Blue"" IIa-O', (26.920000000000002, 53.840000000000003), 0.5, 127], ['ESO-LV ""Quick Blue"" IIa-O', (19.050000000000001, None), None, None], ['ESO-LV ""Quick Blue"" IIa-O', (7.2800000000000002, None), None, None], ['ESO-LV ""Quick Blue"" IIa-O', (10.23, 15.81), 0.65000000000000002, 128], ['ESO-LV IIIa-F', (8.6500000000000004, None), None, None]]"
2MFGC12885,"K_s (2MASS ""total"")","(74.900000000000006, 25.469999999999999)",0.34000000000000002,80,"[['K_s (2MASS isophotal)', (47.0, 15.98), 0.34000000000000002, 80], ['K_s (2MASS ""total"")', (74.900000000000006, 25.469999999999999), 0.34000000000000002, 80]]"
2MASXJ14015457-5658379,"K_s (2MASS ""total"")","(35.200000000000003, 19.710000000000001)",0.56000000000000005,175,"[['K_s (2MASS isophotal)', (19.0, 10.640000000000001), 0.56000000000000005, 175], ['K_s (2MASS ""total"")', (35.200000000000003, 19.710000000000001), 0.56000000000000005, 175]]"
PGC009864,"K_s (2MASS ""total"")","(92.299999999999997, 35.07)",0.38,95,"[['K_s (2MASS isophotal)', (61.600000000000001, 23.41), 0.38, 95], ['K_s (2MASS ""total"")', (92.299999999999997, 35.07), 0.38, 95], ['ESO-Uppsala ""Quick Blue"" IIa-O', (60.0, 12.0), 0.20000000000000001, 101], ['ESO-LV ""Quick Blue"" IIa-O', (93.329999999999998, 466.64999999999998), 0.20000000000000001, 101], ['ESO-LV ""Quick Blue"" IIa-O', (120.23, 601.14999999999998), 0.20000000000000001, 101], ['ESO-LV ""Quick Blue"" IIa-O', (151.40000000000001, 757.0), 0.20000000000000001, 100], ['ESO-LV ""Quick Blue"" IIa-O', (151.36000000000001, 756.79999999999995), 0.20000000000000001, 101], ['ESO-LV ""Quick Blue"" IIa-O', (47.32, 236.59999999999999), 0.20000000000000001, 101], ['ESO-LV ""Quick Blue"" IIa-O', (60.259999999999998, 301.30000000000001), 0.20000000000000001, 101], ['ESO-LV ""Quick Blue"" IIa-O', (84.140000000000001, 420.69999999999999), 0.20000000000000001, 101], ['ESO-LV ""Quick Blue"" IIa-O', (30.899999999999999, 154.5), 0.20000000000000001, 101], ['ESO-LV ""Quick Blue"" IIa-O', (16.030000000000001, None), None, None], ['ESO-LV ""Quick Blue"" IIa-O', (8.5700000000000003, None), None, None], ['ESO-LV ""Quick Blue"" IIa-O', (0.77000000000000002, 2.1699999999999999), 0.34999999999999998, 99], ['ESO-LV IIIa-F', (0.12, None), None, None]]"
[CWF2012]J327.594666-05.74865,x,"('x', 'x')",x,x,['x']
2MASXiJ2041593-152751,x,"('x', 'x')",x,x,['x']
PGC060828,"K_s (2MASS ""total"")","(104.09999999999999, 54.130000000000003)",0.52000000000000002,95,"[['K_s (2MASS isophotal)', (59.200000000000003, 30.780000000000001), 0.52000000000000002, 95], ['K_s (2MASS ""total"")', (104.09999999999999, 54.130000000000003), 0.52000000000000002, 95], ['ESO-Uppsala ""Quick Blue"" IIa-O', (66.0, 48.0), 0.72999999999999998, 91]]"
QP131,"K_s (2MASS ""total"")","(62.100000000000001, 22.359999999999999)",0.35999999999999999,20,"[['K_s (2MASS isophotal)', (37.799999999999997, 13.609999999999999), 0.35999999999999999, 20], ['K_s (2MASS ""total"")', (62.100000000000001, 22.359999999999999), 0.35999999999999999, 20]]"
6dFJ2117218-355401,x,"('x', 'x')",x,x,['x']
SOS185924,x,"('x', 'x')",x,x,['x']
UGC02608S,x,"('x', 'x')",x,x,['x']
